Paco Gomez

Philip Aston                    philipa@mail.com

Phil Dawes

Paddy Spencer                   paddy.spencer@physics.org

Richard Wallace                 richard.wallace@bea.com

Stuart Tily                     tily@sylo.org

Phillip Burgess                 phillip_burgess@mail.com

Christian Nedregard             christian@laycan.com

Mikael Suokas                   cms@suokas.org

David Freels                    david.freels@peregrine.com

Kalle Burbeck                   kalle.burbeck@idainfront.se

Dirk Feufel                     Dirk.Feufel@abaXX.de

Kjetil JD                       kjetiljd@usa.net

Todd Wasson                     twasson@nks.net

Jose Antonio Zapata Rey         joseantonio.zapatarey@hp.com

Richard Perks                   rperks@bea.com

Manuel Silva                    manuel.silva@bea.com

Bill Schnellinger               bill@schnellinger.com

Bertrand Ave                    avebertrand@yahoo.fr

Huibert Alblas                  Huibert.Alblas@mgh.metro-ag.de

Kalyanaraman Venkatasubramaniy  venkatk1973@yahoo.com

John Stanford White             jswhite@ieee.org

Slavik Gnatenko                 miracle9@newmail.ru

Marc Born                       marc.born@xtramind.com

Andreas Schmidt                 andreas.schmidt@docstrange.de

Calum Fitzgerald                calum.fitzgerald@environment-agency.gov.uk

Sebastiýn Fontana               sebastian.fontana@motorola.com

KArol Muszynski                 karol.muszynski@hp.com

Meo Bogliolo                    boglio07@bogliolobartolomeo.191.it

Konstantin Ignatyev             kgignatyev@yahoo.com

Martin Wagner                   martin.wagner@tngtech.com

Venelin Mitov                   vmitov@gmail.com

Hugh Chen                       hugh.jf.chen@gmail.com

Matthias Dillier                xmds@gmx.net

Pawel Lacinski                  lacinski@gmail.com

Tagnon Soko                     tagnon.soko@neoxia.com

Marc Van Giel                   marc.vangiel@xplore.be

Walter Tuvell	                  Tuvell_Walter@emc.com

Antonio Manuel Muñiz Martín     http://amunizmartin.wordpress.com

Hitoshi Amano                   seijro@gmail.com

Bryce Howard                    bryce.howard@allstardirectories.com
